{"cameraMode":{"drawMode":0,"name":"Shaded","section":"Shading Mode"},"sceneLighting":true,"audioPlay":false,"sceneViewState":{"showFog":false,"showMaterialUpdate":false,"showSkybox":false,"showFlares":false,"showImageEffects":false,"showParticleSystems":false,"showVisualEffectGraphs":true,"m_FxEnabled":true},"in2DMode":false,"pivot":{"x":-0.045694902539253238,"y":-1.5274052619934083,"z":-4.175051212310791},"rotation":{"x":-0.0010299129644408823,"y":0.9694454669952393,"z":-0.24527950584888459,"w":-0.004070824012160301},"size":7.590304851531982,"orthographic":false}