{"cameraMode":{"drawMode":0,"name":"Shaded","section":"Shading Mode"},"sceneLighting":true,"audioPlay":false,"sceneViewState":{"showFog":false,"showMaterialUpdate":false,"showSkybox":false,"showFlares":false,"showImageEffects":false,"showParticleSystems":false,"showVisualEffectGraphs":true,"m_FxEnabled":true},"in2DMode":false,"pivot":{"x":3.2874302864074709,"y":-1.468491554260254,"z":-7.881943702697754},"rotation":{"x":0.15238827466964723,"y":-0.014229183085262776,"z":0.0021943384781479837,"w":0.9882176518440247},"size":9.047615051269532,"orthographic":true}